Title,Author,Description,Domain,URL,Recipe Prefix,Tags,Category
Recipes For Life,Laura Hauser,"Every recipe is made and tested in my own kitchen using the same tools most families have. I rewrite instructions until they're clear, adjust ingredients until they make sense, and update posts whenever I find a better method. If a recipe feels impractical, stressful, or wasteful - it simply doesn't make it onto the site.",recipes-for-life.com,https://recipes-for-life.com,recipes-for-life.com/,,blogs
All Recipes – Pastrywiz.com,Pastry Wiz,PastryWiz has been a baking and pastry reference on the web since 1997 — one of the original recipe sites of the early internet. At the PastryWiz Food Resource Center you will find 1000's of pages of food related information both for the professional and the consumer.,www.pastrywiz.com,https://www.pastrywiz.com/recipes/,pastrywiz.com,,blogs
Alaska From Scratch,Maya Wilson,,www.alaskafromscratch.com,https://www.alaskafromscratch.com,alaskafromscratch.com,,blogs
Recipes – Cooking Index,Cooking Index,"Cooking Index first went online in 1998 and was the brainchild of Randy Hoelscher and Mary Jane Johnson, who ran the site from their Minnesota home. In 2006 Cooking Index was transferred to Joe Saumarez Smith, who runs the site as a hobby from his home. Randy and Mary Jane now live in their RV and have a website about their travels called Food Freeway.",www.cookingindex.com,https://www.cookingindex.com/recipes/,cookingindex.com/recipes/,,blogs
Drinks – Cooking Index,Cooking Index,"Cooking Index first went online in 1998 and was the brainchild of Randy Hoelscher and Mary Jane Johnson, who ran the site from their Minnesota home. In 2006 Cooking Index was transferred to Joe Saumarez Smith, who runs the site as a hobby from his home. Randy and Mary Jane now live in their RV and have a website about their travels called Food Freeway.",www.cookingindex.com,https://www.cookingindex.com/drinks/,cookingindex.com/drinks/,,blogs
Sally’s Baking Addiction,Sally’s Baking,Trusted Baking Recipes from a Self-Taught Baker,sallysbakingaddiction.com,https://sallysbakingaddiction.com,sallysbakingaddiction.com,,blogs
Lemon-sugar,Lemon-Sugar,,lemon-sugar.com,https://lemon-sugar.com/,lemon-sugar.com/,,blogs
The Dough Maker: How to Make Bread,Bam The Doughmaker,Provides recipes for bread and buns.,bam-thedoughmaker.blogspot.com,https://bam-thedoughmaker.blogspot.com,bam-thedoughmaker.blogspot.com,,blogs
Baking Adventures In A Messy Kitchen,Laurie Ulster,"A blog about healthy baking, with occasional dips into decadence.",bakingadventuresinamessykitchen.com,http://bakingadventuresinamessykitchen.com,bakingadventuresinamessykitchen.com,,blogs
Recipes – Crafty Baking,CRAFTY BAKING LLC,,www.craftybaking.com,https://www.craftybaking.com/category/recipes/,craftybaking.com/recipes/,,blogs
The Barmy Baker,Jen The Bread Freak,,thebarmybaker.blogspot.com,https://thebarmybaker.blogspot.com,thebarmybaker.blogspot.com,,blogs
My Mom’s Recipes and More,Chanita Harel,My Mom’s Recipes and More: my food and Cooking Blog,momsrecipesandmore.blogspot.com,momsrecipesandmore.blogspot.com,momsrecipesandmore.blogspot.com,,blogs
Robbie’s Recipes,Robbie Rice,,recipes.robbiehaf.com,https://recipes.robbiehaf.com,recipes.robbiehaf.com,,blogs
